"test_fn","surrogate","acq","strategy","igd_last_n","hv_last_n","dt_n","igd_last_mean","hv_last_mean","dt_mean","igd_last_median","hv_last_median","dt_median","igd_last_sd","hv_last_sd","dt_sd","igd_last_q025","hv_last_q025","dt_q025","igd_last_q975","hv_last_q975","dt_q975"
"highcorrVLMOP2","ctmgp","ehvi","categorical_batch",100,0.00499021482485514,0,0.0499021482485514,0,0,100,1.00003145558716e-26,1.00003425282587e-26,2.79723870679972e-31,1.00003425282587e-26,1.00003425282587e-26,100,126.970152463913,123.273505449295,47.5434326399955,49.9799019277096,228.601675647497
"VLMOP2","ctmgp","ehvi","categorical_batch",100,0.00485298738606795,0.00412562352270528,0.00289353062640324,0.00228778472319671,0.0153126770449849,100,0.896056149156994,0.895094417123114,0.00616139787596378,0.883988687084249,0.904795870837663,100,1043.84078819275,1023.42080104351,297.5722750352,500.918936121464,1518.00079049468
"highcorrVLMOP2","qqigp","ehvi","categorical_batch",100,0,0,0,0,0,100,1.00003425282587e-26,1.00003425282587e-26,0,1.00003425282587e-26,1.00003425282587e-26,100,10.1285162472725,8.3922929763794,7.2418040688854,2.79070188999176,25.2951675713062
"VLMOP2","qqigp","ehvi","categorical_batch",100,0.0638171687484609,0.037863561436312,0.054165109310721,0.0150837033390871,0.196196416768185,100,0.722026845113468,0.780478295667551,0.16463071884013,0.35738095220039,0.875774223114871,100,11.61923173666,9.84377944469452,7.24598911642741,3.18873817324639,27.3295445799828
"highcorrVLMOP2","qqmgp","ehvi","categorical_batch",100,0.0756819908009793,0.0235812633909398,0.121896550534655,0,0.468148244001548,100,0.000720851639013214,1.00003425282587e-26,0.00208282918613061,1.00003208434913e-26,0.0071374078659585,100,88.935096745491,80.8863315582275,38.1401949266402,33.4261798620224,181.770704185963
"VLMOP2","qqmgp","ehvi","categorical_batch",100,0.0926353844641559,0.0798651998296177,0.0529465028095525,0.0312127831542237,0.217732986360953,100,0.649838497548096,0.660637185000994,0.137507475604179,0.333076895038896,0.830640309854943,100,292.726525406837,277.041517496109,116.960470089257,117.971007752418,539.006864982843
"highcorrVLMOP2","ctmgp","eim","categorical_batch",100,0,0,0,0,0,100,1.00003425282587e-26,1.00003425282587e-26,0,1.00003425282587e-26,1.00003425282587e-26,100,84.4701482772827,67.1064391136169,51.7470543088862,32.489438778162,217.653461050987
"VLMOP2","ctmgp","eim","categorical_batch",100,0.00498773858092646,0.00496205483021001,0.00172869592931247,0.00239069863292411,0.00701373981302437,100,0.889370986423248,0.893186889589733,0.0109152569091005,0.868012649787597,0.90325447961191,100,86.8666209483147,70.3869384527207,52.0108322104133,38.3397454559803,236.72620022893
"highcorrVLMOP2","qqigp","eim","categorical_batch",100,0,0,0,0,0,100,1.00003425282587e-26,1.00003425282587e-26,0,1.00003425282587e-26,1.00003425282587e-26,100,9.41826571464539,8.63407802581787,5.93066591181509,2.49604870676994,25.0202623784542
"VLMOP2","qqigp","eim","categorical_batch",100,0.0498621283041223,0.0346379614917321,0.0396343378828691,0.0177494931982364,0.157331026630599,100,0.758173112655217,0.805810206678165,0.126296821872022,0.441852473466262,0.877643519597198,100,9.92398389816284,7.99678993225097,7.81016753779306,2.54389793872833,27.8308744251728
"highcorrVLMOP2","qqmgp","eim","categorical_batch",100,0.0744551245945334,0.0235812633909398,0.126471514049228,0,0.504663719585489,100,0.000337472998137288,1.00003208434913e-26,0.00147545853153747,9.99789214953489e-27,0.00608478358548056,100,55.8788330221176,44.8818640708923,30.4758504226349,24.547984278202,141.463833653927
"VLMOP2","qqmgp","eim","categorical_batch",100,0.11581659039684,0.112534530868667,0.0626724625779936,0.0273992090345031,0.242885990623261,100,0.600839006935528,0.598022757735898,0.138784278942052,0.349522388266915,0.848800860769374,100,58.437644906044,49.8878405094147,27.9323842161282,22.7918693482876,122.563644170761
"highcorrVLMOP2","ctmgp","ehvi","single_config",100,0.00499021482485514,0,0.0499021482485514,0,0,100,1.00003145558716e-26,1.00003425282587e-26,2.79723870679972e-31,1.00003425282587e-26,1.00003425282587e-26,100,111.86790943861,86.2551325559616,67.963669126685,47.6980000019074,296.126140922308
"VLMOP2","ctmgp","ehvi","single_config",100,0.0297512940313578,0.0324045526024691,0.020434617522443,0.0034529228987598,0.0613028413134001,100,0.612076588759757,0.528456451531033,0.22182984565597,0.249209988080688,0.901376010091103,100,127.264531776905,101.372346043587,85.3963421422965,43.9905997812748,368.91223720312
"highcorrVLMOP2","qqigp","ehvi","single_config",100,0,0,0,0,0,100,1.00003425282587e-26,1.00003425282587e-26,0,1.00003425282587e-26,1.00003425282587e-26,100,9.12396174430847,7.32901704311371,6.91656985305935,2.46471776366234,29.286589294672
"VLMOP2","qqigp","ehvi","single_config",100,0.042299548881197,0.0376523889486995,0.0385374032151844,0.00949305026445534,0.142488950408472,100,0.582218339835035,0.519993201168286,0.235784676266532,0.223869687333556,0.889152479058897,100,9.61774203538895,8.7260719537735,5.23865711391065,3.33322079181671,22.2470755815506
"highcorrVLMOP2","qqmgp","ehvi","single_config",100,0.0550047192121738,0.00190785090720417,0.125174628952372,0,0.48193326241023,100,0.000379849697669013,1.00003425282587e-26,0.00161896150069486,9.99886367767312e-27,0.00729682625091252,100,79.1914321923256,68.9833265542984,33.7169254971841,33.3346271514892,158.341823071242
"VLMOP2","qqmgp","ehvi","single_config",100,0.133785703020173,0.115989924039816,0.0612306581337098,0.0547275871702619,0.266896703123264,100,0.47819506549607,0.484176074294822,0.193443071481039,0.141047129092484,0.786572321714586,100,236.634432473183,227.589252948761,72.2295241175105,121.423062443733,387.427133107185
"highcorrVLMOP2","ctmgp","eim","single_config",100,0,0,0,0,0,100,1.00003425282587e-26,1.00003425282587e-26,0,1.00003425282587e-26,1.00003425282587e-26,100,92.0321956801415,77.1066504716873,60.4831987952838,26.5618657171726,244.556187927722
"VLMOP2","ctmgp","eim","single_config",100,0.01102415323884,0.00760433326046882,0.0118007742793503,0.00478052726633349,0.0534239737055513,100,0.871097737751653,0.887940364846868,0.072903586142735,0.628726121748192,0.901838541285527,100,80.859925494194,65.6262691020966,51.3723211643041,27.4183476686478,229.897960585355
"highcorrVLMOP2","qqigp","eim","single_config",100,0,0,0,0,0,100,1.00003425282587e-26,1.00003425282587e-26,0,1.00003425282587e-26,1.00003425282587e-26,100,8.79430882930756,7.06831407546997,6.84910267623009,1.54153959751129,25.4044844329357
"VLMOP2","qqigp","eim","single_config",100,0.0233300070917708,0.0155654129578948,0.0330498064961321,0.00889621350786934,0.163820545414903,100,0.859014339926993,0.87961428167324,0.082844249848977,0.523271563836044,0.901749360782513,100,7.42198080778122,5.95575749874115,6.09991791935573,1.62881363630295,21.6660312891006
"highcorrVLMOP2","qqmgp","eim","single_config",100,0.027997454210311,0.00190785090720417,0.0902876630665228,0,0.291124251016525,100,0.000247227436486794,1.00003425282587e-26,0.00106690173223945,1.00003208434913e-26,0.00380109377063867,100,46.4093432092667,37.952726483345,26.8214585858189,17.9932828605175,122.05550019741
"VLMOP2","qqmgp","eim","single_config",100,0.109414023663936,0.101044335501375,0.0467919104673165,0.0392728410965643,0.202520630743004,100,0.591360157879334,0.61004432926396,0.133714529596926,0.296870127660934,0.802038046309334,100,48.6930941486359,38.8004554510117,27.4526977965542,18.3905104398728,111.819997012615
