"n_per","problem","surrogate","seed","rmse_y1","rmse_y2","rmse_agg","n_train"
20,"highcorrVLMOP2","ctmgp",1,0.021270598398631,0.0285118907321188,0.0251531933296364,40
20,"VLMOP2","ctmgp",1,0.0158698169158481,0.0208302952442052,0.0185169150900372,40
20,"highcorrVLMOP2","ctmgp",2,0.0414007481600808,0.0448645566725208,0.0431674089657711,40
20,"VLMOP2","ctmgp",2,0.0362071662520053,0.023559438245535,0.0305450979573281,40
20,"highcorrVLMOP2","ctmgp",3,0.034437407096037,0.0334261150362505,0.0339355283877741,40
20,"VLMOP2","ctmgp",3,0.032983070825579,0.0306079984509023,0.0318177036432204,40
20,"highcorrVLMOP2","ctmgp",4,0.0256046046173405,0.0284753968284744,0.0270780723293722,40
20,"VLMOP2","ctmgp",4,0.0229465419636544,0.0283726574284541,0.0258026304632122,40
20,"highcorrVLMOP2","ctmgp",5,0.028801728928994,0.0356479464844559,0.0324061389080671,40
20,"VLMOP2","ctmgp",5,0.0207053232746848,0.0441794869955986,0.0345002716156226,40
20,"highcorrVLMOP2","ctmgp",6,0.0224206727004232,0.0284016344923315,0.0255865140862867,40
20,"VLMOP2","ctmgp",6,0.0167105815148399,0.0155835324348788,0.0161568873504928,40
20,"highcorrVLMOP2","ctmgp",7,0.0292729510947195,0.0394761468155945,0.034751056337903,40
20,"VLMOP2","ctmgp",7,0.0200647727009114,0.0181174252666027,0.0191159122438634,40
20,"highcorrVLMOP2","ctmgp",8,0.0241457988534013,0.0253720724411662,0.0247665264240739,40
20,"VLMOP2","ctmgp",8,0.0211139884805378,0.0165799761528565,0.018982835915447,40
20,"highcorrVLMOP2","ctmgp",9,0.0296028914434463,0.0358769461740888,0.0328898650695843,40
20,"VLMOP2","ctmgp",9,0.0218508234430572,0.0464043942426106,0.0362686248027361,40
20,"highcorrVLMOP2","ctmgp",10,0.0258083678886188,0.0284291558514125,0.0271504029021504,40
20,"VLMOP2","ctmgp",10,0.0291825704470617,0.0306098339893791,0.0299047183129608,40
20,"highcorrVLMOP2","ctmgp",11,0.0346282969263595,0.0322168149847802,0.033444297838224,40
20,"VLMOP2","ctmgp",11,0.0515465981374423,0.0192318610397103,0.0389031891918497,40
20,"highcorrVLMOP2","ctmgp",12,0.0318557718603782,0.0417227709575886,0.037118592492172,40
20,"VLMOP2","ctmgp",12,0.0173487543158062,0.0611975045904309,0.044978405065131,40
20,"highcorrVLMOP2","ctmgp",13,0.0314705438850186,0.0339531201645806,0.0327353746070618,40
20,"VLMOP2","ctmgp",13,0.0238396968234872,0.0342201750449942,0.0294902655527704,40
20,"highcorrVLMOP2","ctmgp",14,0.0334657940323499,0.0343127073148987,0.0338918961810458,40
20,"VLMOP2","ctmgp",14,0.0488429999889449,0.0399242315762653,0.0446070785575301,40
20,"highcorrVLMOP2","ctmgp",15,0.0247281835213595,0.0267757916715711,0.025772330898712,40
20,"VLMOP2","ctmgp",15,0.0247579373608633,0.0208154247711258,0.0228717879795921,40
20,"highcorrVLMOP2","ctmgp",16,0.031952302511869,0.0375880019136551,0.0348841477154805,40
20,"VLMOP2","ctmgp",16,0.0301570672474955,0.0533159180120197,0.0433130223976252,40
20,"highcorrVLMOP2","ctmgp",17,0.0515293987306219,0.0416414674267602,0.0468470422918744,40
20,"VLMOP2","ctmgp",17,0.0771504264828016,0.0472477946527711,0.0639708621406207,40
20,"highcorrVLMOP2","ctmgp",18,0.0276878781422579,0.033044207388605,0.0304839157422538,40
20,"VLMOP2","ctmgp",18,0.0340532384333134,0.0339924152650177,0.0340228404409854,40
20,"highcorrVLMOP2","ctmgp",19,0.0303680697238372,0.0305348493426032,0.0304515737124316,40
20,"VLMOP2","ctmgp",19,0.0202069441212022,0.0273409144999541,0.0240400311606619,40
20,"highcorrVLMOP2","ctmgp",20,0.0357722665094514,0.0334688837916033,0.0346397259911151,40
20,"VLMOP2","ctmgp",20,0.037181892898334,0.0427386109155681,0.0400567224226814,40
20,"highcorrVLMOP2","ctmgp",21,0.0356295074127657,0.0299836010073218,0.0329277855909154,40
20,"VLMOP2","ctmgp",21,0.0553172020285524,0.0361263743095263,0.0467178111699365,40
20,"highcorrVLMOP2","ctmgp",22,0.0302650199571459,0.0288581515507664,0.0295699538715691,40
20,"VLMOP2","ctmgp",22,0.0231427638931726,0.016970032732384,0.020292480523008,40
20,"highcorrVLMOP2","ctmgp",23,0.0290774840000467,0.030990040513887,0.0300489824022822,40
20,"VLMOP2","ctmgp",23,0.0167836242313031,0.0271682716045332,0.0225810210610068,40
20,"highcorrVLMOP2","ctmgp",24,0.0454455219922255,0.0537464619843686,0.0497693562595652,40
20,"VLMOP2","ctmgp",24,0.0205662101276159,0.0663159738167296,0.0490957094982566,40
20,"highcorrVLMOP2","ctmgp",25,0.0410679091723876,0.0477616320153571,0.0445406929479204,40
20,"VLMOP2","ctmgp",25,0.0254378152843053,0.0682289012112158,0.0514891513181577,40
20,"highcorrVLMOP2","ctmgp",26,0.0310081657030969,0.0368612821305664,0.0340606845246828,40
20,"VLMOP2","ctmgp",26,0.0265277989888903,0.0248024684764029,0.0256796277398829,40
20,"highcorrVLMOP2","ctmgp",27,0.0251542681000893,0.0257629218646871,0.0254604138483366,40
20,"VLMOP2","ctmgp",27,0.0244197240146315,0.0317192870834259,0.0283057952902896,40
20,"highcorrVLMOP2","ctmgp",28,0.0325653180549312,0.0344069110172423,0.0334987721100883,40
20,"VLMOP2","ctmgp",28,0.0179058717815377,0.0349034366266873,0.0277386925846374,40
20,"highcorrVLMOP2","ctmgp",29,0.0298087792624914,0.0368985923815789,0.0335415372401285,40
20,"VLMOP2","ctmgp",29,0.0245942404476147,0.0318553292033622,0.0284573247323924,40
20,"highcorrVLMOP2","ctmgp",30,0.0291080224853372,0.0352994009796077,0.0323521613074461,40
20,"VLMOP2","ctmgp",30,0.0288441000536017,0.0228929695263839,0.0260391067592393,40
20,"highcorrVLMOP2","ctmgp",31,0.0558219116919053,0.0501992533714654,0.0530850773004592,40
20,"VLMOP2","ctmgp",31,0.0702129945902758,0.0366297181556089,0.0559982181033176,40
20,"highcorrVLMOP2","ctmgp",32,0.0261932266440237,0.0249659376019063,0.0255869416144981,40
20,"VLMOP2","ctmgp",32,0.0249754821188562,0.0281406533246509,0.0266051787872915,40
20,"highcorrVLMOP2","ctmgp",33,0.0280499433952941,0.0277699256165006,0.0279102856777316,40
20,"VLMOP2","ctmgp",33,0.0278225701604959,0.0219269618826104,0.0250488230036579,40
20,"highcorrVLMOP2","ctmgp",34,0.024705231091558,0.0257517517275911,0.0252339172575997,40
20,"VLMOP2","ctmgp",34,0.0199682191090717,0.0208510721519323,0.0204144187312912,40
20,"highcorrVLMOP2","ctmgp",35,0.0227329801361015,0.0261947333388506,0.0245250121362037,40
20,"VLMOP2","ctmgp",35,0.0201771526639155,0.0194407518700784,0.019812373947825,40
20,"highcorrVLMOP2","ctmgp",36,0.0256768818853127,0.0287146419624896,0.0272381435342634,40
20,"VLMOP2","ctmgp",36,0.0225658097868217,0.0252962377802203,0.0239699334288653,40
20,"highcorrVLMOP2","ctmgp",37,0.0313541217511439,0.0351964250670599,0.0333306862237092,40
20,"VLMOP2","ctmgp",37,0.0360287106050363,0.0292380377363247,0.0328095324451005,40
20,"highcorrVLMOP2","ctmgp",38,0.028126287533363,0.0306176174985581,0.029398354985419,40
20,"VLMOP2","ctmgp",38,0.0331323117348819,0.0262260817753371,0.0298794029908904,40
20,"highcorrVLMOP2","ctmgp",39,0.0201338339543236,0.0235395896095532,0.0219030083400255,40
20,"VLMOP2","ctmgp",39,0.0128238482159486,0.01496682843585,0.0139365891898602,40
20,"highcorrVLMOP2","ctmgp",40,0.0338430668533136,0.0356108119786734,0.0347381857889721,40
20,"VLMOP2","ctmgp",40,0.0454033945776776,0.05458748688459,0.050205885927606,40
20,"highcorrVLMOP2","ctmgp",41,0.0358299004878994,0.0326640006681545,0.0342835143226447,40
20,"VLMOP2","ctmgp",41,0.0426958939610796,0.0358135903267378,0.0394052827247005,40
20,"highcorrVLMOP2","ctmgp",42,0.0353212045976366,0.0351707725802876,0.0352460688454927,40
20,"VLMOP2","ctmgp",42,0.0270540501438803,0.0220256980303934,0.0246683299284089,40
20,"highcorrVLMOP2","ctmgp",43,0.0310301105493495,0.0400567405036441,0.0358288307127174,40
20,"VLMOP2","ctmgp",43,0.0178396866196371,0.0323925255459962,0.0261489017927606,40
20,"highcorrVLMOP2","ctmgp",44,0.0304648809033868,0.0319523244763511,0.0312174631248246,40
20,"VLMOP2","ctmgp",44,0.0189863327623343,0.0230970754990914,0.0211418510113568,40
20,"highcorrVLMOP2","ctmgp",45,0.0398629261836693,0.0387245689210458,0.0392978696753748,40
20,"VLMOP2","ctmgp",45,0.0375103045115496,0.035825740798461,0.0366776951859553,40
20,"highcorrVLMOP2","ctmgp",46,0.0280612120626594,0.0315127791837345,0.0298369475173681,40
20,"VLMOP2","ctmgp",46,0.0170591652901314,0.0319841551527591,0.0256320239274212,40
20,"highcorrVLMOP2","ctmgp",47,0.0287469199043872,0.0316071842058054,0.0302109210171501,40
20,"VLMOP2","ctmgp",47,0.0159824011929102,0.0230616567861047,0.0198403271345412,40
20,"highcorrVLMOP2","ctmgp",48,0.0284348081138706,0.02758492196706,0.0280130883017334,40
20,"VLMOP2","ctmgp",48,0.0156322449343836,0.0161018149808794,0.0158687669238513,40
20,"highcorrVLMOP2","ctmgp",49,0.0214279075779983,0.025898944929998,0.0237687880597466,40
20,"VLMOP2","ctmgp",49,0.0154682615552734,0.0251048781016264,0.0208509234812259,40
20,"highcorrVLMOP2","ctmgp",50,0.0332109531686739,0.034324844974092,0.0337724917119488,40
20,"VLMOP2","ctmgp",50,0.0389209610387575,0.0488094795334071,0.044142986421982,40
20,"highcorrVLMOP2","ctmgp",51,0.0298931364883131,0.0298090790233637,0.0298511373429059,40
20,"VLMOP2","ctmgp",51,0.0230711654569631,0.014353458129835,0.0192132823305584,40
20,"highcorrVLMOP2","ctmgp",52,0.0323969037383988,0.0318608805709501,0.0321300099797014,40
20,"VLMOP2","ctmgp",52,0.0205366310393501,0.0442782861156875,0.0345131846964974,40
20,"highcorrVLMOP2","ctmgp",53,0.0247584876363205,0.030411830497316,0.0277296064183691,40
20,"VLMOP2","ctmgp",53,0.0180177122604289,0.0375296505582331,0.0294373285652986,40
20,"highcorrVLMOP2","ctmgp",54,0.0264636119672094,0.0340954621987489,0.0305190375085564,40
20,"VLMOP2","ctmgp",54,0.0186095232724244,0.0420037471527256,0.0324856055145737,40
20,"highcorrVLMOP2","ctmgp",55,0.0341853204590561,0.0260302971513006,0.0303826636807355,40
20,"VLMOP2","ctmgp",55,0.0443426190510777,0.0228925858898472,0.0352869547639991,40
20,"highcorrVLMOP2","ctmgp",56,0.0376709571036022,0.0455641619080146,0.0418042692764818,40
20,"VLMOP2","ctmgp",56,0.0237794873419915,0.0705074101884794,0.052615391805699,40
20,"highcorrVLMOP2","ctmgp",57,0.0310174837322299,0.0364689295236442,0.0338531174168619,40
20,"VLMOP2","ctmgp",57,0.0295458526270892,0.0322247885291886,0.0309143526797231,40
20,"highcorrVLMOP2","ctmgp",58,0.0351746689808518,0.0323098859736678,0.0337726669774828,40
20,"VLMOP2","ctmgp",58,0.0359673703965973,0.0372955748002919,0.0366374919510752,40
20,"highcorrVLMOP2","ctmgp",59,0.0338378570731517,0.0345417486602194,0.0341916142629213,40
20,"VLMOP2","ctmgp",59,0.0397540850866393,0.0512963249790717,0.0458895425856169,40
20,"highcorrVLMOP2","ctmgp",60,0.0358562434635153,0.0399639635173601,0.0379656988302058,40
20,"VLMOP2","ctmgp",60,0.0175719193482112,0.0338714952591342,0.0269819434128603,40
20,"highcorrVLMOP2","ctmgp",61,0.021374389402411,0.0259575467119182,0.0237766561318798,40
20,"VLMOP2","ctmgp",61,0.0161268428153418,0.0151392709143556,0.0156408532856906,40
20,"highcorrVLMOP2","ctmgp",62,0.0224695825823097,0.0263545380039215,0.0244892202287392,40
20,"VLMOP2","ctmgp",62,0.0202815440829176,0.0144935861843832,0.0176267562369182,40
20,"highcorrVLMOP2","ctmgp",63,0.0285139403005051,0.0274448036961537,0.0279844782100826,40
20,"VLMOP2","ctmgp",63,0.0342291895860061,0.0225095779211889,0.0289682457002907,40
20,"highcorrVLMOP2","ctmgp",64,0.0243997510713239,0.028335221085542,0.0264408075359766,40
20,"VLMOP2","ctmgp",64,0.0255676458629539,0.0442271628458501,0.0361230290006719,40
20,"highcorrVLMOP2","ctmgp",65,0.0342151983688942,0.0347237821612322,0.0344704282465673,40
20,"VLMOP2","ctmgp",65,0.0380264413386806,0.0220416052744539,0.031079274476401,40
20,"highcorrVLMOP2","ctmgp",66,0.0317660383730847,0.0403669460341355,0.0363219735562586,40
20,"VLMOP2","ctmgp",66,0.0140028521873171,0.0585218186205743,0.0425492839189994,40
20,"highcorrVLMOP2","ctmgp",67,0.034559467557261,0.0354954805610273,0.0350306004665895,40
20,"VLMOP2","ctmgp",67,0.032010085412359,0.0261656888603563,0.0292343021264703,40
20,"highcorrVLMOP2","ctmgp",68,0.0453517791732057,0.0437122546838417,0.0445395615364602,40
20,"VLMOP2","ctmgp",68,0.0491718510956684,0.0360624945202281,0.0431182933984873,40
20,"highcorrVLMOP2","ctmgp",69,0.0300652051718997,0.0296884462485871,0.0298774195897476,40
20,"VLMOP2","ctmgp",69,0.0379002434405151,0.0312786778513003,0.034747547690274,40
20,"highcorrVLMOP2","ctmgp",70,0.0482699880983042,0.0373670690411763,0.0431641610583275,40
20,"VLMOP2","ctmgp",70,0.064511340127396,0.0340010630977999,0.0515644514021683,40
20,"highcorrVLMOP2","ctmgp",71,0.0374622367939109,0.0359073683405795,0.0366930394403973,40
20,"VLMOP2","ctmgp",71,0.038881186631356,0.0520099513359552,0.0459172174234827,40
20,"highcorrVLMOP2","ctmgp",72,0.0249494708214055,0.0297547007173491,0.0274574061871035,40
20,"VLMOP2","ctmgp",72,0.0230496519621692,0.0256903959483158,0.024405766732049,40
20,"highcorrVLMOP2","ctmgp",73,0.0271431923005148,0.0273467001713426,0.0272451362496505,40
20,"VLMOP2","ctmgp",73,0.0277731590523709,0.0188175405961291,0.0237218064008125,40
20,"highcorrVLMOP2","ctmgp",74,0.0357245972466468,0.0295375608231914,0.0327773881495983,40
20,"VLMOP2","ctmgp",74,0.0489244354989592,0.0221312887353838,0.0379696874492057,40
20,"highcorrVLMOP2","ctmgp",75,0.0489510993808847,0.0386775696642447,0.0441144223906976,40
20,"VLMOP2","ctmgp",75,0.073911663456385,0.0215716179384759,0.0544438641876819,40
20,"highcorrVLMOP2","ctmgp",76,0.0290225249261314,0.0350543510857305,0.0321800752262139,40
20,"VLMOP2","ctmgp",76,0.0175655558919561,0.0237882532300313,0.0209096837079083,40
20,"highcorrVLMOP2","ctmgp",77,0.0263668204715769,0.0286695461515601,0.0275422593328579,40
20,"VLMOP2","ctmgp",77,0.0245386763126411,0.0200825065417142,0.0224215711333368,40
20,"highcorrVLMOP2","ctmgp",78,0.0279237683319398,0.0294093792863346,0.02867619594597,40
20,"VLMOP2","ctmgp",78,0.0304740197986262,0.0377334457289468,0.0342963468117702,40
20,"highcorrVLMOP2","ctmgp",79,0.0220419743103079,0.029968968327019,0.0263057759254706,40
20,"VLMOP2","ctmgp",79,0.0168871936636355,0.02685558408833,0.0224321165581682,40
20,"highcorrVLMOP2","ctmgp",80,0.0275859852169644,0.0284609178389103,0.0280268659024139,40
20,"VLMOP2","ctmgp",80,0.0187182792798485,0.0287507380765238,0.0242588016928215,40
20,"highcorrVLMOP2","ctmgp",81,0.0259621984766996,0.0308513172602935,0.0285117478106729,40
20,"VLMOP2","ctmgp",81,0.0176249871159085,0.0294411905052604,0.0242633867092269,40
20,"highcorrVLMOP2","ctmgp",82,0.0401973023450853,0.0403065359943883,0.040251956223823,40
20,"VLMOP2","ctmgp",82,0.0441937049721836,0.0269897130881626,0.0366164455658229,40
20,"highcorrVLMOP2","ctmgp",83,0.0273020663547983,0.0319651068465703,0.0297251651211097,40
20,"VLMOP2","ctmgp",83,0.0291518621878176,0.0237658972336705,0.0265955723790531,40
20,"highcorrVLMOP2","ctmgp",84,0.0368051449678657,0.0392329718886621,0.0380384330600129,40
20,"VLMOP2","ctmgp",84,0.039997800482819,0.0273352825737899,0.0342566907103732,40
20,"highcorrVLMOP2","ctmgp",85,0.0438400524963315,0.0354905664219662,0.0398843986279918,40
20,"VLMOP2","ctmgp",85,0.0578511450919339,0.02000678021092,0.0432840977892346,40
20,"highcorrVLMOP2","ctmgp",86,0.0213696325597268,0.0287013200034291,0.0253024402546175,40
20,"VLMOP2","ctmgp",86,0.0176957693801628,0.0256277775639207,0.0220218441192116,40
20,"highcorrVLMOP2","ctmgp",87,0.0260408432160551,0.0278477129170076,0.0269594197833636,40
20,"VLMOP2","ctmgp",87,0.021996093368861,0.0247531372594792,0.0234152293142547,40
20,"highcorrVLMOP2","ctmgp",88,0.025316401820553,0.0293693903803054,0.027417889164289,40
20,"VLMOP2","ctmgp",88,0.0184657828797203,0.0208843976441768,0.0197122195899025,40
20,"highcorrVLMOP2","ctmgp",89,0.0300644919587378,0.0261197871030919,0.0281612939603976,40
20,"VLMOP2","ctmgp",89,0.0249414161689286,0.0250036290696356,0.024972541992793,40
20,"highcorrVLMOP2","ctmgp",90,0.0294950362220769,0.0327471672009245,0.0311635534031899,40
20,"VLMOP2","ctmgp",90,0.0281847481485813,0.0297488139514287,0.0289773356238602,40
20,"highcorrVLMOP2","ctmgp",91,0.0391909554566988,0.035334723215767,0.0373126898946177,40
20,"VLMOP2","ctmgp",91,0.0469245317583096,0.0225528910560103,0.0368140229784852,40
20,"highcorrVLMOP2","ctmgp",92,0.024637872883688,0.0272156377475098,0.025958772296051,40
20,"VLMOP2","ctmgp",92,0.028695003598188,0.0227674533001046,0.0259013528727021,40
20,"highcorrVLMOP2","ctmgp",93,0.0371707149862697,0.0406100019582785,0.0389283592747105,40
20,"VLMOP2","ctmgp",93,0.0313082222584171,0.0220737043290083,0.0270873882442265,40
20,"highcorrVLMOP2","ctmgp",94,0.0282820867248623,0.028339612181316,0.0283108640639951,40
20,"VLMOP2","ctmgp",94,0.0178502957344233,0.0176593053824673,0.0177550573696287,40
20,"highcorrVLMOP2","ctmgp",95,0.026903106611083,0.0315252248634946,0.0293054342061434,40
20,"VLMOP2","ctmgp",95,0.0211516578864533,0.0333447398078215,0.0279218937770782,40
20,"highcorrVLMOP2","ctmgp",96,0.0305126260490012,0.0380651880974138,0.0344962236577982,40
20,"VLMOP2","ctmgp",96,0.0234639215657606,0.0521474929151,0.0404346177957364,40
20,"highcorrVLMOP2","ctmgp",97,0.02698733766386,0.0263006681675125,0.0266462149304625,40
20,"VLMOP2","ctmgp",97,0.0324540343037604,0.0158167680859047,0.0255287533506138,40
20,"highcorrVLMOP2","ctmgp",98,0.0303223271722991,0.033349505713759,0.0318718767606803,40
20,"VLMOP2","ctmgp",98,0.0258223013730403,0.048332347095405,0.0387479484873124,40
20,"highcorrVLMOP2","ctmgp",99,0.0328157027878314,0.0268756857202384,0.0299931061445152,40
20,"VLMOP2","ctmgp",99,0.0523254824056734,0.0245905817644143,0.0408818591828868,40
20,"highcorrVLMOP2","ctmgp",100,0.0304387638568256,0.0298459265280479,0.0301438026420791,40
20,"VLMOP2","ctmgp",100,0.035115053097309,0.0164097022410243,0.0274075289078194,40
20,"highcorrVLMOP2","qqmgp",1,0.218878862508825,0.222883551894267,0.22089028289873,40
20,"VLMOP2","qqmgp",1,0.213017551725897,0.215820693492131,0.214423703310431,40
20,"highcorrVLMOP2","qqmgp",2,0.181162384833473,0.159876023606314,0.170851035412019,40
20,"VLMOP2","qqmgp",2,0.173285279493818,0.168028997281451,0.170677374037481,40
20,"highcorrVLMOP2","qqmgp",3,0.0793762677211342,0.0831286316993897,0.0812741080712362,40
20,"VLMOP2","qqmgp",3,0.199495842269971,0.15194500046348,0.177321564183339,40
20,"highcorrVLMOP2","qqmgp",4,0.21006243007542,0.166459764911536,0.189519231034207,40
20,"VLMOP2","qqmgp",4,0.242838253443803,0.184760297929673,0.215762351936915,40
20,"highcorrVLMOP2","qqmgp",5,0.150160005702447,0.169411462725717,0.160075405692795,40
20,"VLMOP2","qqmgp",5,0.167482691225445,0.179724230973316,0.17371132815546,40
20,"highcorrVLMOP2","qqmgp",6,0.408180750376594,0.290427899671853,0.354231484968377,40
20,"VLMOP2","qqmgp",6,0.415621953892309,0.490120042882415,0.454400299841627,40
20,"highcorrVLMOP2","qqmgp",7,0.211933487363915,0.207030196529611,0.209496187723453,40
20,"VLMOP2","qqmgp",7,0.208485785870734,0.214647406801765,0.211589026365807,40
20,"highcorrVLMOP2","qqmgp",8,0.176475953103078,0.141680173915871,0.160026612949958,40
20,"VLMOP2","qqmgp",8,0.271637799448985,0.163835654538648,0.224309179245516,40
20,"highcorrVLMOP2","qqmgp",9,0.19708080957022,0.193166830551137,0.195133633602751,40
20,"VLMOP2","qqmgp",9,0.198912798452328,0.199451413049853,0.199182287811592,40
20,"highcorrVLMOP2","qqmgp",10,0.10153576269808,0.113561151711675,0.107716401454846,40
20,"VLMOP2","qqmgp",10,0.182823305356702,0.173712754729261,0.178326220922749,40
20,"highcorrVLMOP2","qqmgp",11,0.159963496338274,0.149195056918993,0.154673018283453,40
20,"VLMOP2","qqmgp",11,0.162891665562314,0.172618300324887,0.167825463378948,40
20,"highcorrVLMOP2","qqmgp",12,0.150346220797405,0.141759159149732,0.146115785100209,40
20,"VLMOP2","qqmgp",12,0.169518888565137,0.166636647739192,0.168083946214555,40
20,"highcorrVLMOP2","qqmgp",13,0.182216819027025,0.138931979592014,0.162026331331798,40
20,"VLMOP2","qqmgp",13,0.161447286952234,0.16252148489576,0.161985276363254,40
20,"highcorrVLMOP2","qqmgp",14,0.16460329997052,0.208768326247887,0.187987313941034,40
20,"VLMOP2","qqmgp",14,0.16992949157924,0.228300714593389,0.201242699733718,40
20,"highcorrVLMOP2","qqmgp",15,0.163384809259844,0.133752383922105,0.149305552645777,40
20,"VLMOP2","qqmgp",15,0.178584323849312,0.171667894185706,0.175160250369299,40
20,"highcorrVLMOP2","qqmgp",16,0.186263875030315,0.194022117447388,0.19018256124061,40
20,"VLMOP2","qqmgp",16,0.17500828586441,0.1970407575034,0.186350422911665,40
20,"highcorrVLMOP2","qqmgp",17,0.210072113825713,0.220008952156015,0.215097921928585,40
20,"VLMOP2","qqmgp",17,0.197280195957324,0.194026393044593,0.195660058411081,40
20,"highcorrVLMOP2","qqmgp",18,0.124164737955508,0.113762221755625,0.119077128892026,40
20,"VLMOP2","qqmgp",18,0.147606136253753,0.151514995656915,0.149573335472397,40
20,"highcorrVLMOP2","qqmgp",19,0.136448333218148,0.128209443110366,0.132392992527326,40
20,"VLMOP2","qqmgp",19,0.183761171649478,0.154933082289753,0.169959448389597,40
20,"highcorrVLMOP2","qqmgp",20,0.117592714387196,0.112468342049398,0.115059059704764,40
20,"VLMOP2","qqmgp",20,0.136163785672397,0.152381396259645,0.144500287983584,40
20,"highcorrVLMOP2","qqmgp",21,0.214643331205408,0.203569849432028,0.209179878607782,40
20,"VLMOP2","qqmgp",21,0.194050505314357,0.197726543467344,0.195897147253732,40
20,"highcorrVLMOP2","qqmgp",22,0.321509504380053,0.331473330275397,0.326529424470881,40
20,"VLMOP2","qqmgp",22,0.35414710990625,0.312629645056203,0.334034033013791,40
20,"highcorrVLMOP2","qqmgp",23,0.18570491702236,0.180741885760912,0.183240205024296,40
20,"VLMOP2","qqmgp",23,0.200097583767133,0.214398597102292,0.207371407707133,40
20,"highcorrVLMOP2","qqmgp",24,0.11584827697111,0.112164906427588,0.114021466205019,40
20,"VLMOP2","qqmgp",24,0.148242547962394,0.152855089554892,0.150566482706505,40
20,"highcorrVLMOP2","qqmgp",25,0.170917284583208,0.184213493009431,0.177689798773077,40
20,"VLMOP2","qqmgp",25,0.185730585236313,0.170194269949382,0.178131889081976,40
20,"highcorrVLMOP2","qqmgp",26,0.179879679039267,0.137834087732234,0.160241902560234,40
20,"VLMOP2","qqmgp",26,0.194909586229643,0.163254568907843,0.179780145001466,40
20,"highcorrVLMOP2","qqmgp",27,0.134254504636404,0.115540287607963,0.125247415294083,40
20,"VLMOP2","qqmgp",27,0.135453702342025,0.135037705577937,0.135245863903329,40
20,"highcorrVLMOP2","qqmgp",28,0.383399464642699,0.281205043444156,0.336207841927235,40
20,"VLMOP2","qqmgp",28,0.261562054452779,0.357586664585131,0.313275382865202,40
20,"highcorrVLMOP2","qqmgp",29,0.272402439368223,0.25512583060499,0.263905549785946,40
20,"VLMOP2","qqmgp",29,0.673391086751956,0.486620454849751,0.587475541105823,40
20,"highcorrVLMOP2","qqmgp",30,0.160332232136368,0.116563481444048,0.140166811100537,40
20,"VLMOP2","qqmgp",30,0.16111173629392,0.179871800519964,0.170749606432834,40
20,"highcorrVLMOP2","qqmgp",31,0.139473268520993,0.13847023565316,0.138972657011677,40
20,"VLMOP2","qqmgp",31,0.167461550133839,0.158350055279273,0.162969492206635,40
20,"highcorrVLMOP2","qqmgp",32,0.245977264309688,0.195446453485432,0.222153247486179,40
20,"VLMOP2","qqmgp",32,0.402930981312422,0.220630643868025,0.32483169235391,40
20,"highcorrVLMOP2","qqmgp",33,0.150988568361671,0.140054843861104,0.145624357620669,40
20,"VLMOP2","qqmgp",33,0.147814638236194,0.163618695870719,0.155917037098791,40
20,"highcorrVLMOP2","qqmgp",34,0.115836195490335,0.105944670144754,0.111000669632565,40
20,"VLMOP2","qqmgp",34,0.134319881090484,0.15861486616658,0.146970245671026,40
20,"highcorrVLMOP2","qqmgp",35,0.209195403875161,0.300156394757885,0.258705023450012,40
20,"VLMOP2","qqmgp",35,0.255685178154355,0.208664036769955,0.233361940522611,40
20,"highcorrVLMOP2","qqmgp",36,0.152123292774253,0.171470403564617,0.162085772822746,40
20,"VLMOP2","qqmgp",36,0.18733875752393,0.2088604052139,0.198391631548214,40
20,"highcorrVLMOP2","qqmgp",37,0.146548770355563,0.133503631906361,0.140178032916924,40
20,"VLMOP2","qqmgp",37,0.143837939184795,0.183666907961856,0.164958912807399,40
20,"highcorrVLMOP2","qqmgp",38,0.265287314057564,0.315758364205294,0.291616789267593,40
20,"VLMOP2","qqmgp",38,0.555549861911938,0.608097581905126,0.582416654204374,40
20,"highcorrVLMOP2","qqmgp",39,0.118018636126303,0.123059758003134,0.120565547551742,40
20,"VLMOP2","qqmgp",39,0.158323161064992,0.155542210161683,0.15693884552843,40
20,"highcorrVLMOP2","qqmgp",40,0.191839278245594,0.176363815305081,0.184264082266126,40
20,"VLMOP2","qqmgp",40,0.195280782948002,0.191003070104169,0.193153769026135,40
20,"highcorrVLMOP2","qqmgp",41,0.126470534876876,0.136404281815408,0.131531221178891,40
20,"VLMOP2","qqmgp",41,0.152702880014072,0.195699005850714,0.175522463598751,40
20,"highcorrVLMOP2","qqmgp",42,0.164852320591465,0.154968782678806,0.159986891977659,40
20,"VLMOP2","qqmgp",42,0.184319323088244,0.179383108551959,0.181867963777946,40
20,"highcorrVLMOP2","qqmgp",43,0.166078775565419,0.166947979565296,0.166513944722722,40
20,"VLMOP2","qqmgp",43,0.177909997986047,0.182802027249111,0.180372598459106,40
20,"highcorrVLMOP2","qqmgp",44,0.147646450163655,0.107098329394592,0.128975824100956,40
20,"VLMOP2","qqmgp",44,0.165461426008502,0.17407895857117,0.169824861716402,40
20,"highcorrVLMOP2","qqmgp",45,0.277728569398561,0.20235586658722,0.242982566249552,40
20,"VLMOP2","qqmgp",45,0.224133831006093,0.177338946315695,0.202095368677549,40
20,"highcorrVLMOP2","qqmgp",46,0.175315445913953,0.174527299656103,0.174921816679994,40
20,"VLMOP2","qqmgp",46,0.208255656335351,0.167556934410352,0.18900495319523,40
20,"highcorrVLMOP2","qqmgp",47,0.15444621723701,0.176897529715401,0.16605175403806,40
20,"VLMOP2","qqmgp",47,0.180445547938019,0.231587875364245,0.207597615335987,40
20,"highcorrVLMOP2","qqmgp",48,0.216637070845937,0.231366841426634,0.224122997231927,40
20,"VLMOP2","qqmgp",48,0.200732541989175,0.206746933580232,0.203761929660897,40
20,"highcorrVLMOP2","qqmgp",49,0.172605399849824,0.181514354207915,0.177115901094219,40
20,"VLMOP2","qqmgp",49,0.175839020900578,0.170321926120543,0.173102454905593,40
20,"highcorrVLMOP2","qqmgp",50,0.233711083226041,0.213204842702778,0.22369306580067,40
20,"VLMOP2","qqmgp",50,0.172966618575971,0.210782499998479,0.192803933371721,40
20,"highcorrVLMOP2","qqmgp",51,0.174347679732962,0.16663793976035,0.170536383795133,40
20,"VLMOP2","qqmgp",51,0.205825138388351,0.174062374621008,0.190606529074017,40
20,"highcorrVLMOP2","qqmgp",52,0.10800099354967,0.068171824320882,0.0903095018227679,40
20,"VLMOP2","qqmgp",52,0.144022051595572,0.140823342430267,0.14243167681213,40
20,"highcorrVLMOP2","qqmgp",53,0.200692379197902,0.218233607868116,0.209646534280022,40
20,"VLMOP2","qqmgp",53,0.187615745506238,0.202780918971642,0.195345551601317,40
20,"highcorrVLMOP2","qqmgp",54,0.139632068737688,0.107513928974068,0.124612117274781,40
20,"VLMOP2","qqmgp",54,0.203824815556591,0.132371552058398,0.171852819632131,40
20,"highcorrVLMOP2","qqmgp",55,0.210184613550734,0.206323299092118,0.20826290538851,40
20,"VLMOP2","qqmgp",55,0.208928826038729,0.209505699895844,0.209217461793667,40
20,"highcorrVLMOP2","qqmgp",56,0.117378633702943,0.132095880040218,0.124954121927949,40
20,"VLMOP2","qqmgp",56,0.144991441627371,0.159380923298436,0.152356156515983,40
20,"highcorrVLMOP2","qqmgp",57,0.56072402474036,0.616252408830808,0.589142793943371,40
20,"VLMOP2","qqmgp",57,0.758291584880092,0.826561129140685,0.793161215613284,40
20,"highcorrVLMOP2","qqmgp",58,0.207814364489894,0.189898461791555,0.199058076800638,40
20,"VLMOP2","qqmgp",58,0.208373008961008,0.197479869812832,0.202999519512679,40
20,"highcorrVLMOP2","qqmgp",59,0.12903733597602,0.116158931301106,0.12276711977725,40
20,"VLMOP2","qqmgp",59,0.154518109614445,0.138272845596805,0.146620643205961,40
20,"highcorrVLMOP2","qqmgp",60,0.102274304810428,0.121918052944561,0.112525652760269,40
20,"VLMOP2","qqmgp",60,0.159974854109938,0.163054639409411,0.161522087313824,40
20,"highcorrVLMOP2","qqmgp",61,0.145464672736883,0.131254554631634,0.13854192348527,40
20,"VLMOP2","qqmgp",61,0.178283409665732,0.151278082705997,0.165333046408214,40
20,"highcorrVLMOP2","qqmgp",62,0.157893091623409,0.150082440850567,0.154037280283155,40
20,"VLMOP2","qqmgp",62,0.179079581751507,0.174489594340702,0.176799484068078,40
20,"highcorrVLMOP2","qqmgp",63,0.157639539259524,0.147208749814872,0.152513344268645,40
20,"VLMOP2","qqmgp",63,0.186794359428657,0.163275309782628,0.175429415291415,40
20,"highcorrVLMOP2","qqmgp",64,0.162169615874424,0.159382753542057,0.160782222959359,40
20,"VLMOP2","qqmgp",64,0.17307399820848,0.173312704497702,0.173193392478144,40
20,"highcorrVLMOP2","qqmgp",65,0.366509228595827,0.279722754816218,0.326016743594468,40
20,"VLMOP2","qqmgp",65,0.35869991890648,0.326803767580971,0.343122670723338,40
20,"highcorrVLMOP2","qqmgp",66,0.133038700361697,0.11792124449751,0.125707429569161,40
20,"VLMOP2","qqmgp",66,0.240388406114055,0.205177816298521,0.223477652232931,40
20,"highcorrVLMOP2","qqmgp",67,0.206881240927049,0.179579124408296,0.193711783031862,40
20,"VLMOP2","qqmgp",67,0.184924344350126,0.187596468184571,0.186265198049244,40
20,"highcorrVLMOP2","qqmgp",68,0.157345187859432,0.150088680018898,0.153759747678537,40
20,"VLMOP2","qqmgp",68,0.16271330434339,0.176797476731373,0.169901393739023,40
20,"highcorrVLMOP2","qqmgp",69,0.164334503372494,0.148979775811541,0.156845150705308,40
20,"VLMOP2","qqmgp",69,0.177145246043756,0.174237990635204,0.175697631709275,40
20,"highcorrVLMOP2","qqmgp",70,0.190655706543494,0.179884219883784,0.185348227669968,40
20,"VLMOP2","qqmgp",70,0.206316868768609,0.189137909292539,0.197913868980974,40
20,"highcorrVLMOP2","qqmgp",71,0.206813347418848,0.213611765305425,0.210240037751482,40
20,"VLMOP2","qqmgp",71,0.226698735429804,0.248748638950587,0.237979202899373,40
20,"highcorrVLMOP2","qqmgp",72,0.178617854978064,0.183606085437792,0.18112914277768,40
20,"VLMOP2","qqmgp",72,0.164733164053554,0.195558940880754,0.180804196159129,40
20,"highcorrVLMOP2","qqmgp",73,0.184809658240499,0.178864398537074,0.181861324699617,40
20,"VLMOP2","qqmgp",73,0.160525905241897,0.162739821161956,0.161636653710655,40
20,"highcorrVLMOP2","qqmgp",74,0.172043676249241,0.152544279485146,0.16258656731261,40
20,"VLMOP2","qqmgp",74,0.244934667919649,0.199982352904482,0.223591069837462,40
20,"highcorrVLMOP2","qqmgp",75,1.57351373106779,2.52524747321191,2.10390354612824,40
20,"VLMOP2","qqmgp",75,3.60906169082842,3.09910080174298,3.3637592116239,40
20,"highcorrVLMOP2","qqmgp",76,0.155576566194479,0.162650209013955,0.159152691527898,40
20,"VLMOP2","qqmgp",76,0.171292411770245,0.191524020222436,0.181690039149414,40
20,"highcorrVLMOP2","qqmgp",77,0.175455054048669,0.146231695687874,0.161505703947217,40
20,"VLMOP2","qqmgp",77,0.174273538212995,0.174312586061893,0.174293063230957,40
20,"highcorrVLMOP2","qqmgp",78,0.161780091964349,0.146969504576808,0.154552310612856,40
20,"VLMOP2","qqmgp",78,0.164278670399872,0.162888906749519,0.163585264450077,40
20,"highcorrVLMOP2","qqmgp",79,0.175805265713449,0.173244033877554,0.174529348143433,40
20,"VLMOP2","qqmgp",79,0.187691871727529,0.194001353605716,0.190872685203296,40
20,"highcorrVLMOP2","qqmgp",80,0.677598134278701,0.72410265006633,0.701236008563115,40
20,"VLMOP2","qqmgp",80,0.723884218248043,0.697831921181063,0.710977408799968,40
20,"highcorrVLMOP2","qqmgp",81,0.191029651257049,0.189102380319065,0.190068458590223,40
20,"VLMOP2","qqmgp",81,0.187733732341248,0.166898352475913,0.177621809356213,40
20,"highcorrVLMOP2","qqmgp",82,0.178329728719131,0.16929424553594,0.173870690049562,40
20,"VLMOP2","qqmgp",82,0.175099358934142,0.175909280130384,0.175504786736911,40
20,"highcorrVLMOP2","qqmgp",83,0.182606037993482,0.172883117711927,0.177811047887178,40
20,"VLMOP2","qqmgp",83,0.183874996061406,0.193328516151678,0.188660978124772,40
20,"highcorrVLMOP2","qqmgp",84,0.185917652265591,0.184159685088654,0.185040756369916,40
20,"VLMOP2","qqmgp",84,0.198423830386943,0.189744122615808,0.194132491526624,40
20,"highcorrVLMOP2","qqmgp",85,0.177810893410967,0.170163492282218,0.174029204332616,40
20,"VLMOP2","qqmgp",85,0.202422654641285,0.196246474984537,0.199358483711982,40
20,"highcorrVLMOP2","qqmgp",86,0.157603833506063,0.170211024096418,0.164028596683258,40
20,"VLMOP2","qqmgp",86,0.3004179211033,0.268316225020843,0.284819700801634,40
20,"highcorrVLMOP2","qqmgp",87,0.154889648200854,0.149105808315403,0.152025236709525,40
20,"VLMOP2","qqmgp",87,0.174806488118643,0.158210735150881,0.166715243762164,40
20,"highcorrVLMOP2","qqmgp",88,0.14179111935221,0.124785798091352,0.133559381797851,40
20,"VLMOP2","qqmgp",88,0.154113536093723,0.146207253901423,0.150212421424971,40
20,"highcorrVLMOP2","qqmgp",89,0.190170053563665,0.207267779188144,0.19890271687686,40
20,"VLMOP2","qqmgp",89,0.196357555139324,0.213613162112056,0.205166849768432,40
20,"highcorrVLMOP2","qqmgp",90,0.100735261468749,0.121861828813165,0.111798699064136,40
20,"VLMOP2","qqmgp",90,0.165020858429397,0.149946074728647,0.157663738765932,40
20,"highcorrVLMOP2","qqmgp",91,0.151312025723018,0.156788055794574,0.154074370951573,40
20,"VLMOP2","qqmgp",91,0.171117812994364,0.18100506246659,0.176130830013527,40
20,"highcorrVLMOP2","qqmgp",92,0.178566167489116,0.180154860533434,0.179362272991803,40
20,"VLMOP2","qqmgp",92,0.187747082109162,0.19123305145473,0.189498082852033,40
20,"highcorrVLMOP2","qqmgp",93,0.111224760467723,0.0854855785362839,0.0991935771075564,40
20,"VLMOP2","qqmgp",93,0.122754089804201,0.141133252396663,0.132263300835338,40
20,"highcorrVLMOP2","qqmgp",94,0.922524072925473,1.17661182449377,1.05722893704854,40
20,"VLMOP2","qqmgp",94,1.58079772197254,0.90210781098302,1.28699649192027,40
20,"highcorrVLMOP2","qqmgp",95,0.239523669100134,0.233886144893252,0.236721689788048,40
20,"VLMOP2","qqmgp",95,0.195213216068864,0.237665802253416,0.217477853227298,40
20,"highcorrVLMOP2","qqmgp",96,0.151966274077745,0.148705859454086,0.150344905289556,40
20,"VLMOP2","qqmgp",96,0.164421144475683,0.169843128284538,0.167154121959603,40
20,"highcorrVLMOP2","qqmgp",97,0.182973684334444,0.153645555460399,0.168947219378798,40
20,"VLMOP2","qqmgp",97,0.192854468776363,0.179103449158579,0.186106006925506,40
20,"highcorrVLMOP2","qqmgp",98,0.171233627856295,0.150072368210194,0.161001041936138,40
20,"VLMOP2","qqmgp",98,0.202949650452287,0.197209287492433,0.200100054587672,40
20,"highcorrVLMOP2","qqmgp",99,0.382336783294685,0.476370736813185,0.431920417873515,40
20,"VLMOP2","qqmgp",99,0.581810969014083,0.589307186748426,0.585571073405462,40
20,"highcorrVLMOP2","qqmgp",100,0.134172157126645,0.168559673230917,0.152339310730571,40
20,"VLMOP2","qqmgp",100,0.135551518986013,0.221125390353346,0.183399362810146,40
20,"highcorrVLMOP2","qqigp",1,0.205398038660692,0.201892841384677,0.203652981426786,40
20,"VLMOP2","qqigp",1,0.206538373961845,0.203964961477958,0.20525570080939,40
20,"highcorrVLMOP2","qqigp",2,0.17714233937377,0.170049618255064,0.173632199012028,40
20,"VLMOP2","qqigp",2,0.173397325829272,0.167034392234435,0.170245588480098,40
20,"highcorrVLMOP2","qqigp",3,0.159487644832433,0.152197638526402,0.155885262336132,40
20,"VLMOP2","qqigp",3,0.176093225599792,0.191882274450387,0.18415704079724,40
20,"highcorrVLMOP2","qqigp",4,0.209294550031622,0.205890558339462,0.20759953117273,40
20,"VLMOP2","qqigp",4,0.207281066796152,0.205981382951967,0.206632246727073,40
20,"highcorrVLMOP2","qqigp",5,0.154722859866629,0.143974722915213,0.149445448582118,40
20,"VLMOP2","qqigp",5,0.168375612884838,0.16860896737965,0.168492330530467,40
20,"highcorrVLMOP2","qqigp",6,0.171230149567417,0.165125180148341,0.16820536442085,40
20,"VLMOP2","qqigp",6,0.176084175302923,0.18889729076735,0.182603153383718,40
20,"highcorrVLMOP2","qqigp",7,0.214426053537048,0.210752655806848,0.212597288746955,40
20,"VLMOP2","qqigp",7,0.20820673391683,0.215212357760715,0.211738521508534,40
20,"highcorrVLMOP2","qqigp",8,0.191115653531463,0.184961320926245,0.188063663773122,40
20,"VLMOP2","qqigp",8,0.192434381294638,0.193875947423788,0.193156509201375,40
20,"highcorrVLMOP2","qqigp",9,0.199947537250293,0.196242446583934,0.1981036540472,40
20,"VLMOP2","qqigp",9,0.200303150008471,0.201368958699783,0.200836761364984,40
20,"highcorrVLMOP2","qqigp",10,0.166616560645659,0.157702288113506,0.162220667545205,40
20,"VLMOP2","qqigp",10,0.182176822094353,0.178860612408481,0.180526332122954,40
20,"highcorrVLMOP2","qqigp",11,0.179662716611216,0.172742564751407,0.176236610011961,40
20,"VLMOP2","qqigp",11,0.188938503917428,0.190098040676257,0.189519159099427,40
20,"highcorrVLMOP2","qqigp",12,0.151831374096459,0.141704315171716,0.146855165211006,40
20,"VLMOP2","qqigp",12,0.169549854544248,0.170827602396985,0.170189927605423,40
20,"highcorrVLMOP2","qqigp",13,0.173492259858275,0.167635855642073,0.170589191227904,40
20,"VLMOP2","qqigp",13,0.18128705315393,0.187036054494089,0.184183985897189,40
20,"highcorrVLMOP2","qqigp",14,0.184877377758724,0.177986132683218,0.181464470674661,40
20,"VLMOP2","qqigp",14,0.199695489422995,0.188988403454243,0.194415669553759,40
20,"highcorrVLMOP2","qqigp",15,0.205848642335682,0.201472957308645,0.203672551020179,40
20,"VLMOP2","qqigp",15,0.208083437313259,0.203924001902,0.206014217271318,40
20,"highcorrVLMOP2","qqigp",16,0.170543084245709,0.167390937818572,0.168974361439569,40
20,"VLMOP2","qqigp",16,0.18595794140849,0.179171073753654,0.182596042732202,40
20,"highcorrVLMOP2","qqigp",17,0.17794875127875,0.171985108925701,0.174992336651997,40
20,"VLMOP2","qqigp",17,0.18458799083487,0.190130945656069,0.187379965386544,40
20,"highcorrVLMOP2","qqigp",18,0.165805673133533,0.163516086552447,0.164664859342683,40
20,"VLMOP2","qqigp",18,0.17600690181294,0.183319394371624,0.179700347576972,40
20,"highcorrVLMOP2","qqigp",19,0.182648980490324,0.176326472042238,0.179515563137318,40
20,"VLMOP2","qqigp",19,0.183911801716403,0.165960764685849,0.175166386937799,40
20,"highcorrVLMOP2","qqigp",20,0.159846984712258,0.152470146387378,0.156202119161344,40
20,"VLMOP2","qqigp",20,0.176198733543258,0.177543911301728,0.176872601245309,40
20,"highcorrVLMOP2","qqigp",21,0.171955718089931,0.165539326513268,0.168778016350309,40
20,"VLMOP2","qqigp",21,0.184029024865513,0.18410475947675,0.184066896066272,40
20,"highcorrVLMOP2","qqigp",22,0.194175783785506,0.187764878233653,0.19099723100979,40
20,"VLMOP2","qqigp",22,0.201523596705222,0.194503672968104,0.198044740938874,40
20,"highcorrVLMOP2","qqigp",23,0.166488268839522,0.158156263105516,0.162375717428256,40
20,"VLMOP2","qqigp",23,0.178384716028861,0.180102510060557,0.179245670858197,40
20,"highcorrVLMOP2","qqigp",24,0.16743690243885,0.157723537182461,0.162652744335385,40
20,"VLMOP2","qqigp",24,0.173805858064336,0.187654300819766,0.180862672922905,40
20,"highcorrVLMOP2","qqigp",25,0.18164968083969,0.173956443889181,0.177844666661291,40
20,"VLMOP2","qqigp",25,0.196945647046695,0.192771433301119,0.194869717231294,40
20,"highcorrVLMOP2","qqigp",26,0.165085396053972,0.161091233534562,0.163100541862962,40
20,"VLMOP2","qqigp",26,0.188928851449381,0.189675967587412,0.189302778096629,40
20,"highcorrVLMOP2","qqigp",27,0.169189611086269,0.160591850936664,0.164946759723838,40
20,"VLMOP2","qqigp",27,0.180869241959721,0.178105583897487,0.179492732029112,40
20,"highcorrVLMOP2","qqigp",28,0.159165540690045,0.147652153078372,0.15351681935839,40
20,"VLMOP2","qqigp",28,0.178858185154535,0.170750056293203,0.174851125419464,40
20,"highcorrVLMOP2","qqigp",29,0.180538054740964,0.173970779944254,0.17728482941874,40
20,"VLMOP2","qqigp",29,0.186931489520364,0.188632426215524,0.187783883752383,40
20,"highcorrVLMOP2","qqigp",30,0.191942246619467,0.187624407094151,0.189795606080278,40
20,"VLMOP2","qqigp",30,0.198544488273643,0.193869191329308,0.196220764918653,40
20,"highcorrVLMOP2","qqigp",31,0.162898708134622,0.153451053746055,0.158245402788996,40
20,"VLMOP2","qqigp",31,0.17949830961244,0.179918177871743,0.179708366363967,40
20,"highcorrVLMOP2","qqigp",32,0.200840100997021,0.195150407837131,0.198015691104887,40
20,"VLMOP2","qqigp",32,0.2039989483821,0.201404979262259,0.202706113144909,40
20,"highcorrVLMOP2","qqigp",33,0.154918098642916,0.14236968346551,0.148776248200453,40
20,"VLMOP2","qqigp",33,0.16658941984163,0.162275926933549,0.164446817034131,40
20,"highcorrVLMOP2","qqigp",34,0.154350831472093,0.144750167244996,0.149627521020668,40
20,"VLMOP2","qqigp",34,0.15451605381618,0.150473018341168,0.152507934442156,40
20,"highcorrVLMOP2","qqigp",35,0.260720627300387,0.264722486995081,0.262729176739821,40
20,"VLMOP2","qqigp",35,0.199939685529751,0.201342446619453,0.200642291978091,40
20,"highcorrVLMOP2","qqigp",36,0.18650638961843,0.181390334396798,0.183966147403651,40
20,"VLMOP2","qqigp",36,0.186504401796844,0.200061114664525,0.193401578962545,40
20,"highcorrVLMOP2","qqigp",37,0.164657123202219,0.156705982518402,0.160730726960169,40
20,"VLMOP2","qqigp",37,0.179005020505483,0.187351677648732,0.183225883111479,40
20,"highcorrVLMOP2","qqigp",38,0.17684208903541,0.170731600149372,0.173813698746637,40
20,"VLMOP2","qqigp",38,0.183383739186788,0.185327779385567,0.184358321767846,40
20,"highcorrVLMOP2","qqigp",39,0.16273421545356,0.154037468438797,0.158445521492907,40
20,"VLMOP2","qqigp",39,0.176382254018547,0.17759376347301,0.176989045363224,40
20,"highcorrVLMOP2","qqigp",40,0.182931067390467,0.176216481506435,0.179605155509417,40
20,"VLMOP2","qqigp",40,0.188892220940665,0.190553468901173,0.189724663186112,40
20,"highcorrVLMOP2","qqigp",41,0.185118479122936,0.181113880221636,0.183127126501955,40
20,"VLMOP2","qqigp",41,0.187966183614681,0.195077851191963,0.191555023698599,40
20,"highcorrVLMOP2","qqigp",42,0.161178128450536,0.151460436855975,0.15639477776355,40
20,"VLMOP2","qqigp",42,0.180424213080921,0.189098293723316,0.184812149701987,40
20,"highcorrVLMOP2","qqigp",43,0.167526444223638,0.159645656230802,0.163633500646382,40
20,"VLMOP2","qqigp",43,0.178781118982151,0.17999954744071,0.179391367662118,40
20,"highcorrVLMOP2","qqigp",44,0.191393015529725,0.184678913142776,0.188065929068982,40
20,"VLMOP2","qqigp",44,0.196839195385957,0.194724496001921,0.195784700862188,40
20,"highcorrVLMOP2","qqigp",45,0.162574709794217,0.154394507295597,0.158537377529282,40
20,"VLMOP2","qqigp",45,0.176251453170088,0.175800925872588,0.176026333658102,40
20,"highcorrVLMOP2","qqigp",46,0.169057495361465,0.162535376426922,0.165828503774431,40
20,"VLMOP2","qqigp",46,0.179743429866188,0.185526605584114,0.182657906973151,40
20,"highcorrVLMOP2","qqigp",47,0.198903449477082,0.192944210523883,0.195946485792124,40
20,"VLMOP2","qqigp",47,0.203309067312521,0.198281050219898,0.200810796183613,40
20,"highcorrVLMOP2","qqigp",48,0.193037614714181,0.187254610514654,0.190168096500879,40
20,"VLMOP2","qqigp",48,0.198209161163166,0.193727049455354,0.195980919045303,40
20,"highcorrVLMOP2","qqigp",49,0.188030666325656,0.182568470709871,0.185319694010393,40
20,"VLMOP2","qqigp",49,0.191239227632641,0.194606190509302,0.192930054125934,40
20,"highcorrVLMOP2","qqigp",50,0.16209594143903,0.156624950916504,0.159383922464913,40
20,"VLMOP2","qqigp",50,0.188201290304407,0.182611474965841,0.185427447349959,40
20,"highcorrVLMOP2","qqigp",51,0.175984172059803,0.170998783824441,0.173509384306746,40
20,"VLMOP2","qqigp",51,0.17038435085803,0.189732330249645,0.180318030378651,40
20,"highcorrVLMOP2","qqigp",52,0.152442372819923,0.142022012283082,0.147324351354256,40
20,"VLMOP2","qqigp",52,0.171629017388065,0.170560057621314,0.171095372329848,40
20,"highcorrVLMOP2","qqigp",53,0.19250627166354,0.184072545486503,0.188336622343714,40
20,"VLMOP2","qqigp",53,0.201673017176796,0.201725184642189,0.201699102596067,40
20,"highcorrVLMOP2","qqigp",54,0.16349877270158,0.154602148701761,0.15911265357935,40
20,"VLMOP2","qqigp",54,0.178119838717456,0.185550780418756,0.181873265020923,40
20,"highcorrVLMOP2","qqigp",55,0.208421642434023,0.204564929878401,0.206502290024894,40
20,"VLMOP2","qqigp",55,0.207113350827407,0.207763071405259,0.207438465491219,40
20,"highcorrVLMOP2","qqigp",56,0.152424238328773,0.141579426767831,0.147101805757126,40
20,"VLMOP2","qqigp",56,0.149627577477244,0.144838845516417,0.147252679283328,40
20,"highcorrVLMOP2","qqigp",57,0.186002110293322,0.18054995690204,0.183296306524296,40
20,"VLMOP2","qqigp",57,0.1907586558626,0.192995981652054,0.191880579684795,40
20,"highcorrVLMOP2","qqigp",58,0.201434798842726,0.196708054850357,0.199085455304777,40
20,"VLMOP2","qqigp",58,0.201995175598619,0.199921013086288,0.200960770349047,40
20,"highcorrVLMOP2","qqigp",59,0.165603340675205,0.157264229694156,0.161487622411261,40
20,"VLMOP2","qqigp",59,0.174925122445241,0.183178146414421,0.17909917892931,40
20,"highcorrVLMOP2","qqigp",60,0.160205529894141,0.1448258535909,0.15270942943544,40
20,"VLMOP2","qqigp",60,0.186018746831994,0.172322489703302,0.179301442591087,40
20,"highcorrVLMOP2","qqigp",61,0.171036030022271,0.163329446012656,0.167227138199187,40
20,"VLMOP2","qqigp",61,0.178770509481224,0.184422130810344,0.18161830495961,40
20,"highcorrVLMOP2","qqigp",62,0.159508523780482,0.148325073486374,0.154018337517594,40
20,"VLMOP2","qqigp",62,0.179978215572631,0.171944409861854,0.176007156336681,40
20,"highcorrVLMOP2","qqigp",63,0.190999882931683,0.185709161301344,0.188373097695989,40
20,"VLMOP2","qqigp",63,0.195521482699076,0.193754308646888,0.194639901248534,40
20,"highcorrVLMOP2","qqigp",64,0.178523241834362,0.172239573527695,0.1754095472944,40
20,"VLMOP2","qqigp",64,0.187694336215891,0.185905866711289,0.186802241856461,40
20,"highcorrVLMOP2","qqigp",65,0.213219037847745,0.209920003727033,0.211575950979165,40
20,"VLMOP2","qqigp",65,0.17597561548699,0.185086983189057,0.180588771234608,40
20,"highcorrVLMOP2","qqigp",66,0.165355871832809,0.158939361177444,0.162179352694913,40
20,"VLMOP2","qqigp",66,0.176422759651145,0.184124072018785,0.180314536324314,40
20,"highcorrVLMOP2","qqigp",67,0.175441967136182,0.168413612658217,0.171963700764442,40
20,"VLMOP2","qqigp",67,0.181343979560722,0.175902654228737,0.178644035287544,40
20,"highcorrVLMOP2","qqigp",68,0.203110550042569,0.198611032806575,0.200873390337159,40
20,"VLMOP2","qqigp",68,0.20417328538141,0.202235433950581,0.203206669684607,40
20,"highcorrVLMOP2","qqigp",69,0.171351217933527,0.16301477077763,0.16723494757225,40
20,"VLMOP2","qqigp",69,0.183546643435469,0.175651129243578,0.179642268858099,40
20,"highcorrVLMOP2","qqigp",70,0.209601237602194,0.204285853079018,0.206960610470439,40
20,"VLMOP2","qqigp",70,0.211521545953742,0.210018702542184,0.210771463699623,40
20,"highcorrVLMOP2","qqigp",71,0.180330614323179,0.170367232665118,0.175419674535306,40
20,"VLMOP2","qqigp",71,0.183857341471459,0.165281003067261,0.174816091919298,40
20,"highcorrVLMOP2","qqigp",72,0.164917551867294,0.155737812127449,0.160393368067614,40
20,"VLMOP2","qqigp",72,0.179973937647582,0.186349053049375,0.183189229766346,40
20,"highcorrVLMOP2","qqigp",73,0.161877220307044,0.154284060595163,0.158126224592993,40
20,"VLMOP2","qqigp",73,0.18672900951209,0.181514478811339,0.18414020339339,40
20,"highcorrVLMOP2","qqigp",74,0.174533334029913,0.16703409393009,0.170824871173145,40
20,"VLMOP2","qqigp",74,0.184349145576016,0.18408052882381,0.184214886161055,40
20,"highcorrVLMOP2","qqigp",75,0.177568333502477,0.170687975123414,0.174162134108678,40
20,"VLMOP2","qqigp",75,0.187180236644083,0.187084222169083,0.187132235564514,40
20,"highcorrVLMOP2","qqigp",76,0.205703648158567,0.202454257360552,0.204085419848107,40
20,"VLMOP2","qqigp",76,0.204849224149276,0.204674716806492,0.204761989068257,40
20,"highcorrVLMOP2","qqigp",77,0.176911231179177,0.174828467751436,0.175872932615635,40
20,"VLMOP2","qqigp",77,0.195046328767523,0.195883278955513,0.195465251822482,40
20,"highcorrVLMOP2","qqigp",78,0.178602331466217,0.172699450284563,0.17567568547434,40
20,"VLMOP2","qqigp",78,0.185822671148568,0.18731206649087,0.186568855072154,40
20,"highcorrVLMOP2","qqigp",79,0.170119496254771,0.158003462878503,0.164173288460053,40
20,"VLMOP2","qqigp",79,0.186839455051123,0.18435809279365,0.185602920696729,40
20,"highcorrVLMOP2","qqigp",80,0.163036938955349,0.152059725187209,0.157643908045855,40
20,"VLMOP2","qqigp",80,0.192346050586054,0.170288934621706,0.18165258659134,40
20,"highcorrVLMOP2","qqigp",81,0.154992232193556,0.146735652774988,0.150920415841666,40
20,"VLMOP2","qqigp",81,0.155152608481253,0.153687113101073,0.154421599285655,40
20,"highcorrVLMOP2","qqigp",82,0.159256155207541,0.148374971831579,0.1539117526986,40
20,"VLMOP2","qqigp",82,0.176228973159274,0.17579055888868,0.176009902527055,40
20,"highcorrVLMOP2","qqigp",83,0.182484619246255,0.175943375368013,0.179243838942012,40
20,"VLMOP2","qqigp",83,0.180237865009711,0.187368204672058,0.183837607829966,40
20,"highcorrVLMOP2","qqigp",84,0.171961713036603,0.166730910061673,0.169366506606939,40
20,"VLMOP2","qqigp",84,0.168321953364799,0.172509081051104,0.170428376495286,40
20,"highcorrVLMOP2","qqigp",85,0.180986734504846,0.176107098667859,0.178563585688598,40
20,"VLMOP2","qqigp",85,0.191080329466353,0.193315720320851,0.192201274751417,40
20,"highcorrVLMOP2","qqigp",86,0.160220720359949,0.152326030688755,0.156323221016669,40
20,"VLMOP2","qqigp",86,0.175426624835275,0.175480395926253,0.175453512440662,40
20,"highcorrVLMOP2","qqigp",87,0.177860646632256,0.171185244734381,0.174554859048974,40
20,"VLMOP2","qqigp",87,0.185444961678105,0.19461115568408,0.190083318216627,40
20,"highcorrVLMOP2","qqigp",88,0.154324872254791,0.148260491059467,0.151323064014796,40
20,"VLMOP2","qqigp",88,0.176899731424981,0.180561141874827,0.178739812203901,40
20,"highcorrVLMOP2","qqigp",89,0.187105127920136,0.179118866959621,0.183155531441053,40
20,"VLMOP2","qqigp",89,0.194656935077826,0.196128901739981,0.195394304512215,40
20,"highcorrVLMOP2","qqigp",90,0.207152464497867,0.20421403723159,0.205688498159189,40
20,"VLMOP2","qqigp",90,0.205148387993205,0.206969341198126,0.206060876068453,40
20,"highcorrVLMOP2","qqigp",91,0.156473848856061,0.14716390186905,0.151890222511445,40
20,"VLMOP2","qqigp",91,0.170180538302796,0.170397472739553,0.17028904006579,40
20,"highcorrVLMOP2","qqigp",92,0.178828065688616,0.172955719135526,0.175916397558071,40
20,"VLMOP2","qqigp",92,0.186634881741955,0.190168143800429,0.188409795392031,40
20,"highcorrVLMOP2","qqigp",93,0.205384210601547,0.201321850853373,0.203363174635243,40
20,"VLMOP2","qqigp",93,0.207866116177644,0.203402134859828,0.205646238380761,40
20,"highcorrVLMOP2","qqigp",94,0.187804703531676,0.182106738537608,0.184977662015479,40
20,"VLMOP2","qqigp",94,0.195867274491416,0.196451669460513,0.196159689603291,40
20,"highcorrVLMOP2","qqigp",95,0.18203144835104,0.175824558122001,0.178954915310497,40
20,"VLMOP2","qqigp",95,0.193889260747423,0.183763499926697,0.188894242022475,40
20,"highcorrVLMOP2","qqigp",96,0.167270627636662,0.16013268880685,0.16374055834532,40
20,"VLMOP2","qqigp",96,0.175928592827938,0.183603733756343,0.179807120025443,40
20,"highcorrVLMOP2","qqigp",97,0.166454318429143,0.160187588508794,0.163351008010317,40
20,"VLMOP2","qqigp",97,0.179252110279306,0.184796959618679,0.182045647193076,40
20,"highcorrVLMOP2","qqigp",98,0.200055172732492,0.196834038861719,0.198451141331618,40
20,"VLMOP2","qqigp",98,0.20205105744026,0.202148889155947,0.202099979217849,40
20,"highcorrVLMOP2","qqigp",99,0.172279132916712,0.165167597132661,0.168760828957894,40
20,"VLMOP2","qqigp",99,0.179756943367697,0.184834608091885,0.182313454025448,40
20,"highcorrVLMOP2","qqigp",100,0.164441857823296,0.155571306282338,0.160068041692854,40
20,"VLMOP2","qqigp",100,0.175051791168595,0.184982166211289,0.180085440010505,40
